Internship Title,Internship Start Date,Internnship Duration,Stipend,Link
"Internshala Student Partner
Internshala",9 Feb' 23 - 31 Mar' 23,6 Weeks,Performance Based,https://isp.internshala.com/?utm_source=ISP33&utm_medium=ISPost
"Subject Matter Expert (CSE/Probability)
Quesba Edutech Private Limited",Immediately,3 Months,"9,000 /month",https://internshala.com/internship/detail/subject-matter-expert-cse-probability-work-from-home-job-internship-at-quesba-edutech-private-limited1674045667
"Machine Learning
Careervira",Immediately,3 Months,"1,000-5,000 /month",https://internshala.com/internship/detail/machine-learning-work-from-home-job-internship-at-careervira1674043593
"Laravel Development
Web Arbiter",Immediately,3 Months,"3,000 /month",https://internshala.com/internship/detail/laravel-development-work-from-home-job-internship-at-web-arbiter1674034534
"AI Content Writing
Dooffle Online Services Private Limtied",Immediately,1 Month,"4,000 /month",https://internshala.com/internship/detail/ai-content-writing-work-from-home-job-internship-at-dooffle-online-services-private-limtied1674031663
"Mobile App Development
SRADHA WEBCREATIONS",Immediately,1 Month,"5,000-10,000 /month",https://internshala.com/internship/detail/mobile-app-development-work-from-home-job-internship-at-sradha-webcreations1673969315
"Game Development
Krayton Gaming",Immediately,3 Months,"4,000 /month + Incentives",https://internshala.com/internship/detail/game-development-work-from-home-job-internship-at-krayton-gaming1673965182
"Flutter Development
Sarvatman Infotech",Immediately,3 Months,"1,000 /month",https://internshala.com/internship/detail/flutter-development-work-from-home-job-internship-at-sarvatman-infotech1673950939
"Unreal Engine Development
Triluxo Technologies Private Limited",Immediately,6 Months,"1,000 /month",https://internshala.com/internship/detail/unreal-engine-development-work-from-home-job-internship-at-triluxo-technologies-private-limited1674015484
"Marketing - AI
Triluxo Technologies Private Limited",Immediately,3 Months,"1,000 /month",https://internshala.com/internship/detail/marketing-ai-work-from-home-job-internship-at-triluxo-technologies-private-limited1674015406
"Web Development
Foxcode Technologies Private Limited",Immediately,6 Months,"1,500 /month",https://internshala.com/internship/detail/web-development-work-from-home-job-internship-at-foxcode-technologies-private-limited1673895458
"Mobile App Development
Snellcart",Immediately,2 Months,"5,000 /month",https://internshala.com/internship/detail/mobile-app-development-work-from-home-job-internship-at-snellcart1673934628
"Flutter Development
Laxit Communications Private Limited",Immediately,3 Months,"15,000-45,000 /month",https://internshala.com/internship/detail/flutter-development-work-from-home-job-internship-at-laxit-communications-private-limited1673933818
"WordPress Development
UNICO FOODS",Immediately,3 Months,"1,000 /month",https://internshala.com/internship/detail/wordpress-development-work-from-home-job-internship-at-unico-foods1673939255
"Web Development
Solvaphile",Immediately,1 Month,"5,000-50,000 /month",https://internshala.com/internship/detail/web-development-work-from-home-job-internship-at-solvaphile1673953676
"WordPress Development
FundsVita Private Limited",Immediately,1 Month,"1,000 /month",https://internshala.com/internship/detail/wordpress-development-work-from-home-job-internship-at-fundsvita-private-limited1673884793
"Full Stack Development
Paritesh Singh",Immediately,2 Months,"18,000-25,000 /month",https://internshala.com/internship/detail/full-stack-development-work-from-home-job-internship-at-paritesh-singh1673922695
"WordPress Development
OIA Software Solutions Private Limited",Immediately,2 Months,"2,000 /month",https://internshala.com/internship/detail/wordpress-development-work-from-home-job-internship-at-oia-software-solutions-private-limited1673887327
"App and Web Development
Barter-Mate",Immediately,6 Months,"4,000-20,000 /month",https://internshala.com/internship/detail/app-and-web-development-work-from-home-job-internship-at-barter-mate1673942196
"Web Development
Referencified Tech Private Limited",Immediately,3 Months,"2,000 /month",https://internshala.com/internship/detail/web-development-work-from-home-job-internship-at-referencified-tech-private-limited1673896713
"Anroid App Development
Nuvio Sellers Private Limited",Immediately,6 Months,"1,000-2,000 /month",https://internshala.com/internship/detail/anroid-app-development-work-from-home-job-internship-at-nuvio-sellers-private-limited1673882736
"Flutter Web/App Development
Japp.io",Immediately,3 Months,"5,000 /month",https://internshala.com/internship/detail/flutter-web-app-development-work-from-home-job-internship-at-jappio1673873935
"Android App Development
Klipart Kreations Private Limited",Immediately,1 Month,"1,000 lump sum + Incentives",https://internshala.com/internship/detail/android-app-development-work-from-home-job-internship-at-klipart-kreations-private-limited1673873672
"Static Page Creation
Equip",Immediately,3 Months,"25,000 /month",https://internshala.com/internship/detail/static-page-creation-work-from-home-job-internship-at-equip1673933219
"Computer Science Tutoring
Clavictor Academy Private Limited",Immediately,6 Months,"3,000-9,000 /month",https://internshala.com/internship/detail/computer-science-tutoring-work-from-home-job-internship-at-clavictor-academy-private-limited1673895906
"Software Development
Busa Management Marketing Limited",Immediately,3 Months,"5,000 lump sum + Incentives",https://internshala.com/internship/detail/software-development-work-from-home-job-internship-at-busa-management-marketing-limited1673872075
"Web Development
MYKNOT Services (OPC) Private Limited",Immediately,2 Months,"1,000 /month",https://internshala.com/internship/detail/web-development-work-from-home-job-internship-at-myknot-services-opc-private-limited1673882779
"Web Development
Sut Pitaara",Immediately,2 Months,"4,000-7,000 lump sum",https://internshala.com/internship/detail/web-development-work-from-home-job-internship-at-sut-pitaara1673880278
"Full Stack Development
SwiftSafe",Immediately,6 Months,"5,000 /month",https://internshala.com/internship/detail/full-stack-development-work-from-home-job-internship-at-swiftsafe1673877757
"Web Development
Anywhere Market",Immediately,3 Months,"1,000 /month",https://internshala.com/internship/detail/web-development-work-from-home-job-internship-at-anywhere-market1673860449
"Software Development
Punekar Jewellers Private Limited",Immediately,6 Months,"5,000 /month + Incentives",https://internshala.com/internship/detail/software-development-work-from-home-job-internship-at-punekar-jewellers-private-limited1673851714
"Next.js Development
Sachin Gurjar",Immediately,2 Months,"1,500-3,000 /month",https://internshala.com/internship/detail/nextjs-development-work-from-home-job-internship-at-sachin-gurjar1673873781
"Flutter Development
Schaffen Softwares",Immediately,2 Months,"2,000 /month",https://internshala.com/internship/detail/flutter-development-work-from-home-job-internship-at-schaffen-softwares1673860922
"Backend Development
Schaffen Softwares",Immediately,2 Months,"2,000 /month",https://internshala.com/internship/detail/backend-development-work-from-home-job-internship-at-schaffen-softwares1673861149
"Backend Development
JMD Web Studio",Immediately,3 Months,"5,000 /month + Incentives",https://internshala.com/internship/detail/backend-development-work-from-home-job-internship-at-jmd-web-studio1673853319
"Software Development
Liveasy",Immediately,3 Months,"1,000 /month",https://internshala.com/internship/detail/software-development-work-from-home-job-internship-at-liveasy1673773669
"Web Development
Technomate Startup Services Private Limited",Immediately,2 Months,"1,000-5,000 /month",https://internshala.com/internship/detail/web-development-work-from-home-job-internship-at-technomate-startup-services-private-limited1673780813
"Teaching (Programming: Java)
FavTutor",Immediately,2 Months,"8,000 /month",https://internshala.com/internship/detail/teaching-programming-java-work-from-home-job-internship-at-favtutor1673852755
"Android App Development (Kotlin/Java)
JMD Web Studio",Immediately,3 Months,"5,000 /month",https://internshala.com/internship/detail/android-app-development-kotlin-java-work-from-home-job-internship-at-jmd-web-studio1673766290
"Computer Science (Algorithms And Data Structures)
InterviewHelp",Immediately,2 Months,"1,000 /month",https://internshala.com/internship/detail/computer-science-algorithms-and-data-structures-work-from-home-job-internship-at-interviewhelp1673849511
