Hackathon,Hackathon Links,Hackathon Image Link,Hackathon End Date
VNR Design-A-Thon 2023 (For CSBS Students),https://unstop.com/hackathon/vnr-design-a-thon-2023-for-cbse-students-vallurupalli-nageswara-rao-vignana-jyothi-institute-of-engineering-an-590183,https://d8it4huxumps7.cloudfront.net/uploads/images/150x150/63c770588ddda_logo_without_tagline.png,2023-02-04 23:59:00+05:30
Chatbot (Technobyte),https://unstop.com/hackathon/chatbot-technobyte-techspardha-national-institute-of-technology-nit-kurukshetra-590010,https://d8it4huxumps7.cloudfront.net/uploads/images/150x150/63c6c202edb7e_technowhite_back_copyfinallogos.png,2023-01-27 23:59:00+05:30
EHAM - The Ultimate Coding Competition,https://unstop.com/hackathon/eham-the-ultimate-coding-competition-eham-588252,https://d8it4huxumps7.cloudfront.net/uploads/images/150x150/63c26ff8d0b17_logo.jpg,2023-02-12 23:35:00+05:30
Sports Tech Hackathon,https://unstop.com/hackathon/sports-tech-hackathon-alegria-the-festival-of-joy-pillai-college-of-engineering-new-panvel-588714,https://d8it4huxumps7.cloudfront.net/uploads/images/150x150/63c3b6cc7ac13_pcelogo.png,2023-02-12 23:00:00+05:30
Codespire Coding Contest,https://unstop.com/hackathon/codespire-coding-competition-acropolis-institute-of-technology-and-research-indore-589728,https://d8it4huxumps7.cloudfront.net/uploads/images/150x150/63c63ee80e3a0_logoo.jpg,2023-01-31 23:59:45+05:30
Quantum Conundrum,https://unstop.com/hackathon/quantum-conundrum-prometeo23-indian-institute-of-technology-iit-jodhpur-585307,https://d8it4huxumps7.cloudfront.net/uploads/images/150x150/63bb137a3c32a_logo1.png,2023-01-20 00:00:00+05:30
ScaleUp,https://unstop.com/hackathon/scaleup-e-summit23-indian-institute-of-technology-iit-patna-585873,https://d8it4huxumps7.cloudfront.net/uploads/images/150x150/63bc77fd94fbc_ecell_transparent_black_text__1_.png,2023-02-05 00:00:00+05:30
Hackfest 2k23,https://unstop.com/hackathon/hackfest-2k23-srm-university-vadapalani-589310,https://d8it4huxumps7.cloudfront.net/uploads/images/150x150/63c57e7571aaa_whatsapp_image_2023-01-16_at_22.09.55.jpg,2023-01-26 20:00:00+05:30
LNMHacks 5.0,https://unstop.com/hackathon/lnmhacks-50-lnm-institute-of-information-technology-lnmiit-jaipur-588886,https://d8it4huxumps7.cloudfront.net/uploads/images/150x150/63c45aad01ea7_logo__1_.jpg,2023-01-23 00:00:00+05:30
The Tiny Hack,https://unstop.com/hackathon/the-tiny-hack-vellore-institute-of-technology-vit-vellore-587842,https://d8it4huxumps7.cloudfront.net/uploads/images/150x150/63c3ae48969ef_whatsapp_image_2023-01-15_at_13.10.19.jpeg,2023-01-21 17:05:00+05:30
EOSH - Elan Open Source Hacking,https://unstop.com/hackathon/eosh-elan-open-source-hacking-elan-nvision-2023-indian-institute-of-technology-iit-hyderabad-587757,https://d8it4huxumps7.cloudfront.net/uploads/images/150x150/63c178efdf02b_black_vertical.jpeg,2023-02-20 13:29:00+05:30
Machina Doctrinas,https://unstop.com/hackathon/machina-doctrinas-elan-nvision-2023-indian-institute-of-technology-iit-hyderabad-588346,https://d8it4huxumps7.cloudfront.net/uploads/images/150x150/63c2ad76144ac_black_vertical.jpeg,2023-03-18 00:30:00+05:30
Intelligent Innovators Hackathon (I2H) 2022,https://www.eventbrite.com/e/intelligent-innovators-hackathon-i2h-2022-tickets-426050637927,https://img.evbuc.com/https%3A%2F%2Fcdn.evbuc.com%2Fimages%2F360442809%2F1166012358063%2F1%2Foriginal.20220924-050403?w=512&auto=format%2Ccompress&q=75&sharp=10&rect=0%2C129%2C1122%2C561&s=a26dbd746e7e06f85e236dc8fbbbc20b,2022-11-05
Mina zkApp Developers Meetup - Bangalore,https://www.eventbrite.com/e/mina-zkapp-developers-meetup-bangalore-tickets-382911868707,https://img.evbuc.com/https%3A%2F%2Fcdn.evbuc.com%2Fimages%2F387997159%2F883048580463%2F1%2Foriginal.20220812-180811?w=512&auto=format%2Ccompress&q=75&sharp=10&rect=0%2C0%2C2160%2C1080&s=961f20c7756f01bc53aed5301af1d4f6,2022-12-01
Music Hack Day India 2022,https://www.eventbrite.com/e/music-hack-day-india-2022-tickets-449349405167,https://img.evbuc.com/https%3A%2F%2Fcdn.evbuc.com%2Fimages%2F379037569%2F253449631719%2F1%2Foriginal.20221024-081836?w=512&auto=format%2Ccompress&q=75&sharp=10&rect=0%2C39%2C1920%2C960&s=1983c075bc9177a9e0d753ba47e40d8c,2022-12-11
Develop a Successful FinTech | De-Fi Startup Business Today!,https://www.eventbrite.com/e/develop-a-successful-fintech-de-fi-startup-business-today-tickets-422024064337,https://img.evbuc.com/https%3A%2F%2Fcdn.evbuc.com%2Fimages%2F356478279%2F233567016891%2F1%2Foriginal.20220604-185429?w=512&auto=format%2Ccompress&q=75&sharp=10&rect=0%2C10%2C812%2C406&s=54f269d9258a13a154f7a3b043509090,2022-11-08
Develop and Grow a Successful Virtual Reality Tech Startup Business Today!,https://www.eventbrite.com/e/develop-and-grow-a-successful-virtual-reality-tech-startup-business-today-tickets-409611829007,https://img.evbuc.com/https%3A%2F%2Fcdn.evbuc.com%2Fimages%2F343554189%2F233567016891%2F1%2Foriginal.20200329-110552?w=512&auto=format%2Ccompress&q=75&sharp=10&rect=0%2C0%2C800%2C400&s=ae3dc1e2b2e114e4f2e14257bdc63522,2022-11-09
Develop and Grow a Successful Virtual Reality Tech Startup Business Today!,https://www.eventbrite.com/e/develop-and-grow-a-successful-virtual-reality-tech-startup-business-today-tickets-409611498017,https://img.evbuc.com/https%3A%2F%2Fcdn.evbuc.com%2Fimages%2F343553679%2F233567016891%2F1%2Foriginal.20220605-150603?w=512&auto=format%2Ccompress&q=75&sharp=10&rect=0%2C13%2C1200%2C600&s=c9e4f6cc50e30a684307251608646996,2022-11-09
Develop and Grow a Successful Virtual Reality Tech Startup Business Today!,https://www.eventbrite.com/e/develop-and-grow-a-successful-virtual-reality-tech-startup-business-today-tickets-409610815977,https://img.evbuc.com/https%3A%2F%2Fcdn.evbuc.com%2Fimages%2F343553269%2F233567016891%2F1%2Foriginal.20220605-150555?w=512&auto=format%2Ccompress&q=75&sharp=10&rect=0%2C13%2C1200%2C600&s=74552d1e20304f7703f533c32398a45b,2022-11-09
Develop and Grow a Successful Virtual Reality Tech Startup Business Today!,https://www.eventbrite.com/e/develop-and-grow-a-successful-virtual-reality-tech-startup-business-today-tickets-409612049667,https://img.evbuc.com/https%3A%2F%2Fcdn.evbuc.com%2Fimages%2F343554209%2F233567016891%2F1%2Foriginal.20200329-110552?w=512&auto=format%2Ccompress&q=75&sharp=10&rect=0%2C0%2C800%2C400&s=a876ae925edfae0a5516bc2dc005436c,2022-11-09
Develop and Grow a Successful Virtual Reality Tech Startup Business Today!,https://www.eventbrite.com/e/develop-and-grow-a-successful-virtual-reality-tech-startup-business-today-tickets-409610324507,https://img.evbuc.com/https%3A%2F%2Fcdn.evbuc.com%2Fimages%2F343553209%2F233567016891%2F1%2Foriginal.20220605-150547?w=512&auto=format%2Ccompress&q=75&sharp=10&rect=0%2C13%2C1200%2C600&s=f0362186fc80001e3a4f88a390044937,2022-11-09
Develop and Grow a Successful Virtual Reality Tech Startup Business Today!,https://www.eventbrite.com/e/develop-and-grow-a-successful-virtual-reality-tech-startup-business-today-tickets-409611237237,https://img.evbuc.com/https%3A%2F%2Fcdn.evbuc.com%2Fimages%2F343553669%2F233567016891%2F1%2Foriginal.20220605-150559?w=512&auto=format%2Ccompress&q=75&sharp=10&rect=0%2C13%2C1200%2C600&s=f2d2b017cc76e9343e95d5f714b7e282,2022-11-09
Develop a Successful Healthcare Tech Startup Business Today! Entrepreneur,https://www.eventbrite.com/e/develop-a-successful-healthcare-tech-startup-business-today-entrepreneur-tickets-401984214607,https://img.evbuc.com/https%3A%2F%2Fcdn.evbuc.com%2Fimages%2F335141699%2F233567016891%2F1%2Foriginal.20220108-122229?w=512&auto=format%2Ccompress&q=75&sharp=10&rect=0%2C0%2C1000%2C500&s=9f24ecb2cca40c3ba33227ae48a761ad,2022-11-06
Develop and Grow a Successful Virtual Reality Tech Startup Business Today!,https://www.eventbrite.com/e/develop-and-grow-a-successful-virtual-reality-tech-startup-business-today-tickets-409610575257,https://img.evbuc.com/https%3A%2F%2Fcdn.evbuc.com%2Fimages%2F343553259%2F233567016891%2F1%2Foriginal.20220605-150551?w=512&auto=format%2Ccompress&q=75&sharp=10&rect=0%2C13%2C1200%2C600&s=068cfb1443098da25b06a755b3c7d9a1,2022-11-09
Develop a Successful Artificial Intelligence Startup Today! Entrepreneur,https://www.eventbrite.com/e/develop-a-successful-artificial-intelligence-startup-today-entrepreneur-tickets-402068556877,https://img.evbuc.com/https%3A%2F%2Fcdn.evbuc.com%2Fimages%2F335206529%2F233567016891%2F1%2Foriginal.20220604-155140?w=512&auto=format%2Ccompress&q=75&sharp=10&rect=6%2C0%2C1366%2C683&s=393ffca82fd10ecece02834099f5171a,2022-11-06
Develop a Successful Blockchain  Tech Startup Business Today! Entrepreneur,https://www.eventbrite.com/e/develop-a-successful-blockchain-tech-startup-business-today-entrepreneur-tickets-401881928667,https://img.evbuc.com/https%3A%2F%2Fcdn.evbuc.com%2Fimages%2F335070419%2F233567016891%2F1%2Foriginal.20220605-090034?w=512&auto=format%2Ccompress&q=75&sharp=10&rect=0%2C0%2C874%2C437&s=901646f76d237b134eb6fce2689ced2a,2022-11-08
Develop a Successful Artificial Intelligence Startup Today! Entrepreneur,https://www.eventbrite.com/e/develop-a-successful-artificial-intelligence-startup-today-entrepreneur-tickets-402071585937,https://img.evbuc.com/https%3A%2F%2Fcdn.evbuc.com%2Fimages%2F335207789%2F233567016891%2F1%2Foriginal.20220604-155211?w=512&auto=format%2Ccompress&q=75&sharp=10&rect=6%2C0%2C1366%2C683&s=c83e95747688f510fb31b76b0d21bbed,2022-11-06
"VIRTUAL SOFTWARE DEVELOPMENT CONFERENCE  New Delhi, India",https://www.eventbrite.com/e/virtual-software-development-conference-new-delhi-india-tickets-409805337797,https://img.evbuc.com/https%3A%2F%2Fcdn.evbuc.com%2Fimages%2F343762049%2F1083060350403%2F1%2Foriginal.20220817-062442?w=512&auto=format%2Ccompress&q=75&sharp=10&rect=0%2C0%2C1536%2C768&s=1a8e60ebda940b4adb37e8635fbb4449,2022-11-11
Build a Web App for Millions of Users,https://pinetwork.hackerearth.com/,https://media-fastly.hackerearth.com/media/hackathon/build-a-web-app-for-millions-of-users-pi-network-hackathon/images/596a787885-Listing2x_3.png," Feb 28, 2023, 08:40 PM  "
Smartathon,https://smartathon.hackerearth.com/,https://media-fastly.hackerearth.com/media/hackathon/smartathon-2/images/258c320c80-Untitled-3-01.png," Jan 21, 2023, 06:25 PM  "
Intel® oneAPI Hackathon for Open Innovation,https://www.hackerearth.com/challenges/hackathon/intel-oneapi-hackathon-for-open-innovation/,https://media-fastly.hackerearth.com/media/hackathon/intel-oneapi-hackathon-for-open-innovation/images/5c1cdef260-Listing.png," Jan 31, 2023, 06:29 PM  "
Hackathon of Hope with Celo,https://hope.hackerearth.com/,https://media-fastly.hackerearth.com/media/hackathon/festival-of-hope/images/abc23c2469-Listing_1.png," Feb 01, 2023, 07:59 AM  "
